,volatile_acidity,free_sulfur_dioxide,total_sulfur_dioxide,pH,alcohol
0,0.7,11.0,34.0,3.51,9.4
1,0.88,25.0,67.0,3.2,9.8
2,0.76,15.0,54.0,3.26,9.8
3,0.28,17.0,60.0,3.16,9.8
4,0.7,11.0,34.0,3.51,9.4
5,0.66,13.0,40.0,3.51,9.4
6,0.6,15.0,59.0,3.3,9.4
7,0.65,15.0,21.0,3.39,10.0
8,0.58,9.0,18.0,3.36,9.5
9,0.5,17.0,102.0,3.35,10.5
10,0.58,15.0,65.0,3.28,9.2
11,0.5,17.0,102.0,3.35,10.5
12,0.615,16.0,59.0,3.58,9.9
13,0.61,9.0,29.0,3.26,9.1
14,0.62,52.0,145.0,3.16,9.2
15,0.62,51.0,148.0,3.17,9.2
16,0.28,35.0,103.0,3.3,10.5
17,0.56,16.0,56.0,3.11,9.3
18,0.59,6.0,29.0,3.38,9.0
19,0.32,17.0,56.0,3.04,9.2
20,0.22,29.0,60.0,3.39,9.4
21,0.39,23.0,71.0,3.52,9.7
22,0.43,10.0,37.0,3.17,9.5
23,0.49,9.0,67.0,3.17,9.4
24,0.4,21.0,40.0,3.43,9.7
25,0.39,11.0,23.0,3.34,9.3
26,0.41,4.0,11.0,3.28,9.5
27,0.43,10.0,37.0,3.17,9.5
28,0.71,14.0,35.0,3.47,9.4
29,0.645,8.0,16.0,3.38,9.8
30,0.675,17.0,82.0,3.35,10.1
31,0.685,22.0,37.0,3.46,10.6
32,0.655,15.0,113.0,3.17,9.8
33,0.605,40.0,83.0,3.45,9.4
34,0.32,13.0,50.0,3.38,9.2
35,0.645,5.0,18.0,3.4,9.6
36,0.6,3.0,15.0,3.42,10.8
37,0.38,13.0,30.0,3.23,9.7
38,1.13,7.0,19.0,3.5,9.8
39,0.45,12.0,87.0,3.33,10.5
40,0.45,12.0,87.0,3.33,10.5
41,0.61,17.0,46.0,3.26,9.3
42,0.49,8.0,14.0,3.21,10.5
43,0.66,9.0,23.0,3.3,10.3
44,0.67,5.0,11.0,3.48,9.5
45,0.52,8.0,65.0,3.9,13.1
46,0.935,22.0,114.0,3.25,9.2
47,0.29,12.0,37.0,3.25,9.5
48,0.4,5.0,12.0,3.34,9.2
49,0.31,12.0,96.0,3.32,9.2
50,0.66,4.0,23.0,3.15,9.2
51,0.52,8.0,15.0,3.4,9.4
52,0.5,6.0,14.0,3.39,9.4
53,0.38,30.0,119.0,3.2,9.4
54,0.51,33.0,73.0,3.17,10.2
55,0.62,25.0,45.0,3.34,9.5
56,0.42,4.0,10.0,3.04,9.6
57,0.63,50.0,110.0,3.26,9.4
58,0.59,17.0,54.0,3.43,10.0
59,0.39,9.0,46.0,3.41,9.4
60,0.4,19.0,52.0,3.44,9.2
61,0.69,20.0,112.0,3.21,9.3
62,0.52,12.0,35.0,3.38,9.5
63,0.735,13.0,54.0,3.39,9.8
64,0.725,4.0,11.0,3.41,10.9
65,0.725,4.0,11.0,3.41,10.9
66,0.52,11.0,39.0,3.42,9.6
67,0.705,6.0,15.0,3.44,10.7
68,0.32,27.0,65.0,3.28,10.7
69,0.705,8.0,19.0,3.34,10.5
70,0.63,15.0,27.0,3.32,9.5
71,0.67,17.0,96.0,3.32,9.5
72,0.69,18.0,94.0,3.31,9.5
73,0.675,11.0,43.0,3.31,9.2
74,0.32,28.0,83.0,3.28,9.6
75,0.41,9.0,42.0,3.54,10.5
76,0.41,9.0,42.0,3.54,10.5
77,0.785,14.0,30.0,3.52,10.7
78,0.75,12.0,80.0,3.38,10.1
79,0.625,27.0,119.0,3.16,9.1
80,0.45,3.0,15.0,3.41,9.2
81,0.43,22.0,67.0,3.13,9.4
82,0.5,21.0,73.0,3.36,9.1
83,0.67,16.0,51.0,3.16,9.4
84,0.3,18.0,61.0,3.44,10.3
85,0.55,19.0,40.0,3.41,10.1
86,0.49,20.0,136.0,2.93,9.9
87,0.49,9.0,31.0,3.39,9.6
88,0.39,34.0,125.0,3.14,9.5
89,0.62,8.0,24.0,3.48,9.0
90,0.52,42.0,140.0,3.23,9.5
91,0.49,20.0,136.0,2.93,9.9
92,0.49,19.0,133.0,2.93,9.8
93,0.49,9.0,31.0,3.39,9.6
94,1.02,41.0,85.0,3.75,10.5
95,0.6,17.0,106.0,3.85,12.9
96,0.775,8.0,23.0,3.45,10.7
97,0.5,3.0,22.0,3.25,9.2
98,0.9,5.0,10.0,3.39,9.8
99,0.545,13.0,35.0,3.3,9.0
100,0.61,11.0,50.0,3.4,10.2
101,0.5,8.0,22.0,3.31,10.4
102,0.545,13.0,35.0,3.3,9.0
103,0.575,12.0,65.0,3.29,9.2
104,0.49,5.0,36.0,3.33,9.4
105,0.575,12.0,65.0,3.29,9.2
106,0.41,18.0,69.0,3.08,9.3
107,0.63,15.0,64.0,3.46,9.3
108,0.33,18.0,80.0,3.37,9.6
109,0.785,37.0,153.0,3.21,9.3
110,0.56,12.0,47.0,3.19,9.5
111,0.62,11.0,108.0,3.15,9.8
112,0.6,14.0,111.0,3.15,9.8
113,0.31,22.0,46.0,3.32,9.7
114,0.56,12.0,47.0,3.19,9.5
115,0.4,13.0,62.0,3.07,10.5
116,0.54,11.0,40.0,3.39,10.0
117,0.56,7.0,28.0,3.37,9.4
118,0.55,14.0,56.0,3.21,10.9
119,0.69,22.0,89.0,3.34,9.2
120,1.07,10.0,89.0,3.3,9.0
121,0.55,14.0,56.0,3.21,10.9
122,0.695,3.0,13.0,3.49,9.2
123,0.71,11.0,34.0,3.44,9.5
124,0.5,21.0,102.0,3.39,9.5
125,0.62,27.0,90.0,3.16,9.4
126,1.33,3.0,12.0,3.53,10.9
127,1.33,3.0,12.0,3.54,10.9
128,0.59,3.0,16.0,3.42,10.5
129,0.38,6.0,19.0,3.42,9.4
130,0.745,30.0,134.0,3.24,9.4
131,0.5,17.0,99.0,3.63,13.0
132,0.5,17.0,99.0,3.63,13.0
133,0.5,17.0,26.0,3.4,9.8
134,1.04,13.0,29.0,3.22,9.9
135,0.745,16.0,63.0,3.19,9.6
136,0.715,10.0,52.0,3.23,9.5
137,0.415,13.0,45.0,3.48,9.2
138,0.56,15.0,105.0,3.33,9.5
139,0.56,17.0,108.0,3.32,9.5
140,0.745,16.0,63.0,3.19,9.6
141,0.715,10.0,52.0,3.23,9.5
142,0.34,27.0,63.0,3.68,14.0
143,0.39,3.0,20.0,3.34,9.4
144,0.34,27.0,63.0,3.68,14.0
145,0.67,32.0,141.0,3.17,9.4
146,0.68,21.0,94.0,3.54,10.0
147,0.49,10.0,88.0,3.11,9.3
148,0.49,12.0,30.0,3.42,10.2
149,0.4,11.0,43.0,3.53,10.5
150,0.33,5.0,11.0,3.33,10.3
151,0.52,32.0,69.0,2.74,9.4
152,0.6,25.0,99.0,3.35,10.1
153,0.6,25.0,99.0,3.35,10.1
154,0.43,29.0,129.0,3.42,10.5
155,0.43,28.0,128.0,3.42,10.5
156,0.43,29.0,129.0,3.42,10.5
157,0.43,28.0,128.0,3.42,10.5
158,0.68,12.0,22.0,3.48,9.3
159,0.6,18.0,86.0,3.59,9.3
160,0.95,7.0,20.0,3.2,9.6
161,0.68,9.0,20.0,3.17,9.2
162,0.53,17.0,31.0,3.33,10.0
163,0.6,36.0,121.0,3.37,9.4
164,0.59,35.0,121.0,3.37,9.4
165,0.63,14.0,96.0,3.19,9.5
166,0.64,18.0,101.0,3.34,10.2
167,0.55,17.0,42.0,3.37,9.0
168,0.63,11.0,44.0,3.47,10.4
169,0.705,15.0,63.0,3.0,9.5
170,0.885,4.0,8.0,3.36,9.1
171,0.42,6.0,18.0,3.29,9.2
172,0.42,6.0,18.0,3.29,9.2
173,0.62,24.0,42.0,3.42,11.5
174,0.38,7.0,35.0,3.33,9.5
175,0.5,19.0,49.0,3.35,9.5
176,0.38,7.0,35.0,3.33,9.5
177,0.52,8.0,38.0,3.58,10.5
178,0.805,7.0,20.0,3.48,9.6
179,0.61,10.0,42.0,3.19,9.5
180,0.61,10.0,42.0,3.19,9.5
181,0.61,23.0,110.0,3.12,9.3
182,0.73,16.0,42.0,3.44,9.3
183,0.61,11.0,65.0,3.54,9.3
184,0.62,8.0,62.0,3.52,9.3
185,0.31,26.0,85.0,3.26,9.7
186,0.39,14.0,67.0,3.34,9.2
187,0.705,9.0,26.0,3.39,9.7
188,0.5,15.0,143.0,3.2,9.5
189,0.49,17.0,144.0,3.2,9.5
190,0.5,21.0,127.0,3.23,9.4
191,0.37,21.0,49.0,3.57,9.8
192,0.63,16.0,126.0,3.28,9.5
193,0.55,7.0,28.0,3.28,9.7
194,0.55,7.0,28.0,3.28,9.7
195,0.59,24.0,120.0,3.25,9.4
196,0.58,15.0,55.0,3.46,10.2
197,0.3,12.0,27.0,3.11,10.1
198,0.835,13.0,93.0,3.57,13.0
199,1.09,12.0,31.0,3.51,11.4
200,0.32,9.0,24.0,3.22,10.3
201,0.37,39.0,145.0,3.04,9.3
202,0.5,16.0,49.0,3.36,9.5
203,0.42,16.0,39.0,3.34,9.2
204,0.43,14.0,37.0,3.34,9.2
205,0.3,9.0,28.0,3.2,10.8
206,0.3,9.0,28.0,3.2,10.8
207,0.57,26.0,120.0,3.29,9.3
208,0.44,18.0,95.0,3.22,9.4
209,0.3,7.0,19.0,3.31,10.5
210,0.53,5.0,19.0,3.3,12.4
211,0.725,10.0,62.0,3.35,10.0
212,0.44,5.0,15.0,3.21,10.2
213,0.57,28.0,65.0,3.3,10.1
214,0.735,10.0,41.0,3.24,9.8
215,0.49,26.0,121.0,3.34,10.5
216,0.625,13.0,49.0,3.14,11.0
217,0.725,11.0,41.0,3.36,9.1
218,0.49,10.0,44.0,3.39,9.7
219,0.53,24.0,144.0,3.3,9.5
220,0.34,24.0,58.0,3.34,9.4
221,0.53,16.0,72.0,3.15,9.4
222,0.61,5.0,10.0,3.42,9.5
223,0.645,8.0,28.0,3.28,10.0
224,0.635,15.0,55.0,3.31,10.4
225,0.43,29.0,63.0,3.37,10.5
226,0.59,27.0,81.0,3.04,9.5
227,0.82,9.0,23.0,3.39,9.8
228,0.43,29.0,63.0,3.37,10.5
229,0.52,10.0,37.0,3.46,11.0
230,0.48,19.0,106.0,3.54,12.2
231,0.38,12.0,49.0,3.37,9.9
232,0.37,18.0,58.0,3.34,9.6
233,0.52,10.0,37.0,3.46,11.0
234,1.0,7.0,37.0,3.32,9.0
235,0.63,14.0,38.0,3.37,9.0
236,0.63,14.0,38.0,3.37,9.0
237,0.645,15.0,39.0,3.37,9.2
238,0.63,14.0,38.0,3.37,9.0
239,1.0,7.0,37.0,3.32,9.0
240,0.635,5.0,62.0,3.0,9.3
241,0.38,6.0,24.0,3.14,10.9
242,0.58,28.0,109.0,3.08,9.8
243,0.21,10.0,24.0,3.07,9.2
244,0.21,10.0,24.0,3.07,9.2
245,0.66,6.0,23.0,3.61,9.9
246,0.68,16.0,51.0,3.38,9.5
247,0.6,11.0,73.0,3.2,9.3
248,0.53,9.0,39.0,3.35,9.8
249,0.66,6.0,23.0,3.61,9.9
250,0.32,16.0,37.0,3.22,10.0
251,0.6,16.0,34.0,3.47,9.9
252,0.35,5.0,21.0,3.17,10.5
253,0.775,8.0,86.0,3.23,9.5
254,0.6,16.0,34.0,3.47,9.9
255,0.57,17.0,119.0,3.26,9.3
256,0.34,5.0,13.0,3.22,9.2
257,0.695,12.0,56.0,3.49,9.2
258,0.41,8.0,45.0,3.06,9.4
259,0.31,14.0,33.0,3.36,10.5
260,0.33,18.0,45.0,3.29,9.3
261,0.975,12.0,67.0,3.35,9.4
262,0.52,10.0,35.0,3.34,10.0
263,0.37,23.0,49.0,3.28,9.3
264,0.56,5.0,27.0,3.08,10.9
265,0.26,6.0,10.0,3.2,10.2
266,0.87,26.0,61.0,3.6,9.8
267,0.35,15.0,37.0,3.35,12.8
268,0.54,7.0,27.0,3.69,9.4
269,0.18,4.0,23.0,3.28,10.1
270,0.545,27.0,61.0,3.36,10.7
271,0.18,4.0,23.0,3.28,10.1
272,0.37,17.0,65.0,3.22,10.1
273,0.715,10.0,38.0,3.31,9.4
274,0.65,27.0,94.0,3.38,9.4
275,0.545,27.0,61.0,3.36,10.7
276,0.54,7.0,27.0,3.69,9.4
277,0.18,4.0,23.0,3.28,10.1
278,0.32,5.0,13.0,3.23,12.6
279,0.4,10.0,47.0,3.38,10.5
280,0.26,6.0,19.0,3.12,9.3
281,0.27,5.0,10.0,3.25,9.9
282,0.52,12.0,53.0,3.36,9.1
283,0.4,10.0,47.0,3.38,10.5
284,0.59,32.0,71.0,3.31,9.8
285,0.59,32.0,71.0,3.31,9.8
286,0.45,25.0,49.0,3.1,10.3
287,0.4,29.0,53.0,3.37,10.3
288,0.52,20.0,49.0,3.34,10.6
289,0.42,33.0,98.0,3.2,9.2
290,0.52,20.0,49.0,3.34,10.6
291,0.2,6.0,18.0,3.3,10.5
292,0.55,18.0,48.0,3.22,10.3
293,0.36,5.0,16.0,3.41,10.1
294,0.34,17.0,53.0,3.05,9.5
295,0.5,5.0,27.0,3.05,9.5
296,0.83,26.0,70.0,3.16,9.9
297,0.63,8.0,29.0,3.67,9.6
298,0.65,5.0,31.0,3.67,9.7
299,0.67,8.0,33.0,3.68,9.6
300,0.53,20.0,44.0,3.38,10.7
301,0.18,7.0,15.0,3.22,10.1
302,0.705,12.0,28.0,3.51,10.0
303,0.67,5.0,21.0,3.39,9.5
304,0.65,12.0,90.0,3.2,9.2
305,0.53,6.0,25.0,3.12,9.3
306,0.62,7.0,54.0,3.36,9.4
307,0.41,6.0,14.0,3.19,9.5
308,0.43,5.0,12.0,3.19,9.5
309,0.29,9.0,30.0,3.41,9.5
310,0.53,6.0,25.0,3.12,9.3
311,0.53,15.0,105.0,3.27,9.4
312,0.46,19.0,98.0,3.32,9.5
313,0.47,30.0,135.0,3.3,9.4
314,0.36,26.0,72.0,3.39,11.0
315,0.35,20.0,53.0,3.42,11.0
316,0.56,37.0,92.0,3.3,10.1
317,0.77,30.0,74.0,3.3,10.4
318,0.66,21.0,59.0,3.37,11.5
319,0.77,30.0,74.0,3.3,10.4
320,0.66,21.0,59.0,3.37,11.5
321,0.61,25.0,87.0,3.24,9.7
322,0.62,6.0,18.0,3.29,9.3
323,0.59,35.0,73.0,3.28,9.5
324,0.49,13.0,50.0,3.16,9.2
325,0.49,13.0,50.0,3.16,9.2
326,0.53,6.0,14.0,3.05,11.5
327,0.44,5.0,13.0,3.28,11.5
328,0.27,6.0,21.0,3.16,9.7
329,0.46,7.0,15.0,3.18,9.5
330,0.36,10.0,41.0,3.23,12.5
331,0.36,10.0,41.0,3.23,12.5
332,0.58,21.0,114.0,3.22,9.4
333,0.56,16.0,44.0,3.13,11.0
334,0.65,17.0,38.0,3.34,11.7
335,0.695,7.0,21.0,3.17,12.2
336,0.43,6.0,16.0,3.35,12.5
337,0.43,29.0,58.0,3.31,10.3
338,0.49,28.0,99.0,3.16,11.5
339,0.28,12.0,29.0,3.11,9.8
340,0.34,10.0,21.0,3.12,9.2
341,0.42,5.0,18.0,3.21,11.3
342,0.39,6.0,14.0,3.3,9.8
343,0.39,6.0,14.0,3.3,9.8
344,0.57,6.0,32.0,3.12,10.7
345,0.685,40.0,63.0,3.6,9.9
346,0.815,17.0,34.0,3.58,12.3
347,0.49,6.0,15.0,3.02,12.0
348,0.56,15.0,46.0,3.11,10.0
349,0.785,11.0,28.0,3.36,9.4
350,0.67,17.0,34.0,3.28,9.9
351,0.795,11.0,26.0,3.35,9.4
352,0.665,8.0,19.0,3.27,9.3
353,0.53,23.0,77.0,3.18,13.0
354,0.21,40.5,165.0,3.25,11.9
355,0.75,17.0,32.0,3.55,12.8
356,0.41,29.0,55.0,3.26,11.0
357,0.42,12.0,29.0,3.24,11.7
358,0.43,10.0,23.0,3.15,10.4
359,0.38,10.0,41.0,3.17,9.8
360,0.7,14.0,81.0,3.19,9.4
361,0.45,21.0,50.0,3.37,9.9
362,0.58,6.0,37.0,3.05,10.0
363,0.46,6.0,15.0,2.99,10.2
364,0.615,7.0,42.0,3.07,10.0
365,0.42,7.0,21.0,3.26,11.8
366,0.615,7.0,42.0,3.07,10.0
367,0.575,11.0,24.0,3.16,9.0
368,0.34,15.0,75.0,3.18,9.4
369,0.27,6.0,18.0,3.2,12.0
370,0.765,35.0,63.0,3.57,9.9
371,0.24,11.0,25.0,3.32,8.7
372,0.28,26.0,46.0,3.32,10.6
373,0.55,12.0,72.0,3.05,9.2
374,0.41,6.0,47.0,3.01,10.8
375,0.54,6.0,15.0,3.01,11.8
376,0.45,19.0,47.0,3.26,11.0
377,0.27,6.0,18.0,3.2,12.0
378,0.625,6.0,24.0,3.11,13.3
379,0.42,24.0,60.0,3.31,10.8
380,0.26,11.0,27.0,3.21,9.4
381,0.415,17.0,43.0,3.06,10.0
382,0.26,11.0,27.0,3.21,9.4
383,0.26,11.0,27.0,3.21,9.4
384,0.51,23.0,54.0,3.42,9.2
385,0.63,11.0,37.0,3.43,9.7
386,0.54,23.0,48.0,3.41,9.2
387,0.66,17.0,42.0,3.31,9.6
388,0.46,23.0,53.0,3.43,9.2
389,0.38,16.0,49.0,3.19,10.0
390,0.85,12.0,88.0,3.56,12.9
391,0.415,17.0,43.0,3.06,10.0
392,0.37,6.0,26.0,3.18,9.5
393,0.665,13.0,95.0,3.16,9.1
394,0.6,6.0,25.0,3.03,9.9
395,0.37,7.0,38.0,3.22,13.0
396,0.735,68.0,124.0,3.47,9.9
397,0.59,13.0,49.0,3.18,11.0
398,0.59,13.0,49.0,3.18,11.0
399,0.765,9.0,42.0,3.1,9.4
400,0.735,68.0,124.0,3.47,9.9
401,0.26,20.0,38.0,3.29,10.8
402,0.48,19.0,64.0,3.1,10.5
403,0.6,10.0,41.0,3.15,10.5
404,0.69,15.0,27.0,3.26,9.1
405,0.31,11.0,25.0,3.36,10.1
406,0.44,9.0,28.0,3.24,10.8
407,0.39,12.0,30.0,3.18,10.8
408,0.34,6.0,16.0,3.19,11.3
409,0.46,26.0,49.0,3.05,9.6
410,0.43,26.0,86.0,3.38,9.5
411,0.45,23.0,78.0,3.38,9.5
412,0.735,15.0,77.0,3.27,9.3
413,0.4,6.0,19.0,3.27,11.7
414,0.52,24.0,122.0,3.26,9.5
415,0.725,31.0,134.0,3.32,9.3
416,0.48,6.0,20.0,3.26,11.7
417,0.58,34.0,124.0,3.44,10.5
418,0.38,7.0,20.0,3.24,10.4
419,0.77,34.0,52.0,3.62,9.9
420,0.56,35.0,67.0,3.28,11.8
421,0.84,32.0,48.0,3.52,12.3
422,0.96,15.0,60.0,3.36,10.9
423,0.24,6.0,24.0,3.15,11.0
424,0.96,15.0,60.0,3.36,10.9
425,0.84,32.0,48.0,3.52,12.3
426,0.67,19.0,48.0,3.49,11.4
427,0.78,6.0,32.0,3.26,10.6
428,0.52,9.0,30.0,3.24,9.3
429,0.84,13.0,35.0,3.1,10.4
430,0.24,6.0,24.0,3.15,11.0
431,0.55,21.0,66.0,3.25,9.2
432,0.37,12.0,24.0,3.0,12.8
433,0.39,6.0,18.0,3.16,9.5
434,0.41,22.0,54.0,3.15,9.9
435,0.39,6.0,18.0,3.16,9.5
436,0.67,38.0,62.0,3.26,10.2
437,0.45,6.0,22.0,3.17,11.2
438,0.41,22.0,54.0,3.15,9.9
439,0.62,7.0,50.0,3.08,9.3
440,0.31,6.0,29.0,2.88,9.8
441,0.4,7.0,27.0,3.06,11.3
442,0.685,6.0,43.0,2.95,11.2
443,0.44,11.0,19.0,3.23,11.6
444,0.57,5.0,27.0,3.57,12.5
445,0.735,6.0,31.0,3.23,10.1
446,0.38,31.0,72.0,3.1,10.5
447,0.48,6.0,16.0,3.22,11.2
448,0.53,7.0,27.0,3.2,10.2
449,0.39,17.0,35.0,3.1,10.8
450,0.39,17.0,35.0,3.1,10.8
451,0.37,9.0,26.0,3.06,9.1
452,0.56,18.0,35.0,3.44,10.0
453,0.33,5.0,22.0,3.26,11.2
454,0.23,21.0,67.0,3.5,11.1
455,0.62,6.0,19.0,3.22,13.4
456,0.59,5.0,22.0,3.37,10.3
457,0.63,29.0,65.0,3.28,9.6
458,0.33,5.0,22.0,3.26,11.2
459,0.58,10.0,47.0,3.25,9.0
460,0.43,14.0,23.0,3.35,11.3
461,0.615,6.0,19.0,3.26,9.3
462,0.26,10.0,25.0,3.18,11.8
463,0.66,25.0,129.0,3.08,9.0
464,0.315,5.0,15.0,2.98,9.2
465,0.29,10.0,26.0,3.48,9.7
466,0.5,21.0,51.0,3.16,11.5
467,0.46,7.0,18.0,3.32,14.0
468,0.36,6.0,21.0,3.17,9.2
469,0.82,36.0,48.0,3.2,9.8
470,0.32,15.0,47.0,3.05,10.6
471,0.54,25.0,52.0,3.2,11.4
472,0.37,25.0,68.0,3.15,10.4
473,0.35,5.0,14.0,3.26,10.6
474,0.28,10.0,24.0,3.2,9.4
475,0.68,5.0,28.0,3.14,10.2
476,0.27,6.0,16.0,3.28,9.7
477,0.24,6.0,20.0,3.18,11.0
478,0.68,5.0,28.0,3.14,10.2
479,0.685,6.0,31.0,3.19,10.1
480,0.28,6.0,23.0,3.12,9.2
481,0.3,6.0,17.0,3.15,11.7
482,0.36,6.0,18.0,3.04,9.4
483,0.36,7.0,18.0,3.04,9.4
484,0.44,6.0,24.0,3.06,13.4
485,0.67,6.0,17.0,3.17,10.0
486,0.67,6.0,17.0,3.17,10.0
487,0.645,5.0,14.0,3.17,10.0
488,0.32,35.0,67.0,3.32,10.8
489,0.39,10.0,26.0,3.34,10.2
490,0.775,24.0,56.0,3.31,10.6
491,0.41,12.0,25.0,3.34,13.3
492,0.4,13.0,27.0,3.32,13.4
493,0.69,23.0,81.0,3.48,11.6
494,0.39,28.0,91.0,3.44,12.1
495,0.35,5.0,16.0,3.15,11.0
496,0.52,14.0,38.0,3.43,9.0
497,0.34,43.0,113.0,3.32,11.1
498,0.35,5.0,16.0,3.15,11.0
499,0.69,23.0,81.0,3.48,11.6
500,0.52,14.0,38.0,3.43,9.0
501,0.44,38.0,76.0,3.17,12.0
502,0.44,38.0,76.0,3.17,12.0
503,0.26,6.0,24.0,3.18,10.9
504,0.24,6.0,22.0,3.21,10.8
505,0.49,10.0,26.0,3.16,12.5
506,0.24,6.0,21.0,3.25,10.8
507,0.67,6.0,13.0,3.17,9.5
508,0.59,26.0,62.0,3.18,10.2
509,0.29,23.0,43.0,3.04,11.4
510,0.42,19.0,43.0,3.02,9.5
511,0.59,26.0,62.0,3.18,10.2
512,0.4,15.0,49.0,3.03,9.7
513,0.51,6.0,15.0,3.09,11.8
514,0.51,6.0,15.0,3.09,11.8
515,0.655,34.0,151.0,3.31,9.3
516,0.6,5.0,14.0,3.25,11.9
517,0.61,5.0,16.0,3.16,8.4
518,0.21,11.0,32.0,3.22,11.7
519,0.365,39.0,106.0,3.36,11.0
520,0.25,15.0,33.0,3.42,10.0
521,0.41,16.0,43.0,3.48,9.1
522,0.39,47.0,133.0,3.38,9.8
523,0.4,38.0,142.0,3.22,9.4
524,0.43,23.0,116.0,3.23,9.5
525,0.64,29.0,53.0,3.24,9.9
526,0.365,39.0,106.0,3.36,11.0
527,0.38,33.0,85.0,3.39,11.4
528,0.42,32.0,55.0,3.34,8.7
529,0.63,6.0,33.0,3.09,9.4
530,0.22,1.0,28.0,3.41,10.3
531,0.38,12.0,42.0,3.16,10.3
532,0.38,12.0,42.0,3.16,10.3
533,0.27,15.0,33.0,3.22,12.8
534,0.48,13.0,32.0,3.28,10.0
535,0.22,1.0,28.0,3.41,10.3
536,0.63,6.0,33.0,3.09,9.4
537,0.825,5.0,13.0,3.37,10.7
538,0.35,5.0,35.0,3.2,12.0
539,0.5,5.0,17.0,3.22,11.2
540,0.59,20.0,47.0,3.26,9.6
541,0.46,5.0,17.0,3.21,11.0
542,0.715,5.0,20.0,3.12,9.9
543,0.66,16.0,53.0,3.06,11.0
544,0.31,6.0,15.0,2.86,8.4
545,0.47,38.0,106.0,3.08,9.1
546,0.55,10.0,28.0,3.45,9.5
547,0.31,6.0,21.0,3.26,10.7
548,0.35,27.0,69.0,3.12,10.4
549,0.53,6.0,25.0,3.27,9.4
550,0.51,9.0,25.0,3.33,9.5
551,0.43,14.0,45.0,3.19,10.0
552,0.46,14.0,44.0,3.12,10.0
553,1.04,32.0,96.0,3.74,11.5
554,0.645,10.0,23.0,2.92,11.1
555,0.645,10.0,23.0,2.92,11.1
556,0.53,10.0,17.0,3.07,11.7
557,0.645,10.0,23.0,2.92,11.1
558,0.53,10.0,17.0,3.07,11.7
559,0.47,6.0,47.0,3.3,12.7
560,0.6,5.0,19.0,3.14,11.4
561,0.44,26.0,121.0,3.23,9.2
562,0.54,41.0,110.0,3.08,9.2
563,0.29,25.0,60.0,3.31,10.1
564,0.47,6.0,47.0,3.3,12.7
565,0.6,5.0,19.0,3.14,11.4
566,0.7,5.0,15.0,3.32,9.0
567,0.7,5.0,15.0,3.32,9.0
568,0.5,5.0,20.0,3.31,10.7
569,0.36,19.0,42.0,3.57,11.7
570,0.35,10.0,37.0,3.32,11.0
571,0.36,19.0,42.0,3.57,11.7
572,0.24,10.0,28.0,3.14,10.4
573,0.59,14.0,47.0,3.3,9.6
574,0.34,20.0,78.0,3.19,10.0
575,0.27,28.0,46.0,3.2,10.2
576,0.5,6.0,14.0,3.34,10.0
577,0.44,18.0,111.0,3.3,9.5
578,0.47,17.0,110.0,3.29,9.8
579,0.31,18.0,40.0,3.14,9.8
580,0.5,5.0,14.0,3.19,9.6
581,0.5,5.0,14.0,3.19,9.6
582,0.49,5.0,15.0,3.19,9.2
583,0.28,10.0,21.0,2.98,9.9
584,0.33,54.0,80.0,3.3,10.7
585,0.51,8.0,38.0,3.47,9.6
586,0.31,16.0,47.0,3.12,10.6
587,0.73,18.0,102.0,3.26,9.3
588,0.42,19.0,50.0,3.72,14.0
589,0.29,5.0,13.0,3.05,10.5
590,0.45,21.0,75.0,3.35,9.7
591,0.39,23.0,149.0,3.12,11.5
592,0.45,21.0,75.0,3.35,9.7
593,0.49,9.0,43.0,3.29,9.0
594,0.72,20.0,38.0,3.4,9.5
595,0.595,30.0,109.0,3.27,9.3
596,0.4,6.0,24.0,3.04,9.3
597,0.58,5.0,18.0,3.09,10.0
598,0.585,5.0,30.0,3.2,9.8
599,0.59,11.0,22.0,3.0,9.3
600,0.915,7.0,23.0,3.26,10.0
601,0.46,12.0,35.0,3.1,9.0
602,0.835,6.0,14.0,3.3,9.3
603,0.46,12.0,35.0,3.1,9.0
604,0.58,14.0,63.0,3.17,9.1
605,0.6,6.0,24.0,3.31,9.2
606,0.41,10.0,20.0,3.34,12.2
607,0.48,26.0,52.0,3.31,10.5
608,0.65,11.0,65.0,3.32,10.4
609,0.36,15.0,39.0,3.56,12.7
610,0.24,25.0,57.0,3.39,9.2
611,0.38,5.0,16.0,2.98,9.4
612,0.64,18.0,29.0,3.32,10.0
613,0.39,10.0,29.0,3.26,9.8
614,0.755,10.0,103.0,2.87,10.2
615,0.6,28.0,71.0,3.5,9.7
616,0.6,28.0,71.0,3.5,9.7
617,0.31,14.0,28.0,3.03,9.8
618,0.46,4.0,17.0,3.13,10.2
619,0.37,6.0,16.0,3.09,9.3
620,0.54,16.0,112.0,3.27,9.4
621,0.56,14.0,104.0,3.28,9.4
622,0.58,9.0,32.0,3.13,9.5
623,0.51,21.0,45.0,3.49,12.1
624,0.69,21.0,58.0,3.46,10.2
625,0.69,21.0,58.0,3.46,10.2
626,0.6,5.0,15.0,3.36,9.1
627,0.6,5.0,15.0,3.36,9.1
628,0.54,7.0,31.0,3.27,9.3
629,0.685,20.0,84.0,3.21,9.3
630,0.54,7.0,31.0,3.27,9.3
631,0.28,5.0,19.0,3.25,9.5
632,0.41,21.0,43.0,3.32,10.5
633,0.935,11.0,86.0,3.43,11.3
634,0.35,46.0,102.0,3.27,9.5
635,0.84,24.0,33.0,3.27,9.7
636,0.88,30.0,147.0,3.24,9.4
637,0.885,31.0,145.0,3.24,9.4
638,0.915,7.0,23.0,3.35,10.2
639,0.29,25.0,57.0,3.18,10.3
640,0.54,16.0,40.0,3.39,9.4
641,0.59,21.0,68.0,3.46,9.5
642,0.54,16.0,40.0,3.39,9.4
643,0.59,21.0,68.0,3.46,9.5
644,0.54,16.0,40.0,3.39,9.4
645,0.64,5.0,11.0,3.37,10.1
646,0.67,6.0,20.0,3.4,10.1
647,0.845,5.0,14.0,3.32,11.0
648,0.48,10.0,28.0,3.33,11.2
649,0.42,24.0,148.0,3.16,11.3
650,0.43,8.0,32.0,2.89,9.6
651,0.88,35.0,155.0,3.41,11.2
652,0.36,22.0,71.0,2.98,14.9
653,0.33,9.0,30.0,3.12,12.0
654,0.47,7.0,29.0,3.08,9.5
655,0.55,20.0,53.0,3.14,9.4
656,0.43,8.0,32.0,2.89,9.6
657,0.5,23.0,42.0,2.92,10.5
658,0.52,5.0,20.0,3.32,9.6
659,0.84,5.0,13.0,3.41,11.0
660,0.52,5.0,20.0,3.32,9.6
661,0.42,15.0,42.0,3.31,9.0
662,0.57,9.0,27.0,3.36,9.6
663,0.28,5.0,13.0,3.04,10.2
664,0.4,15.0,54.0,3.03,10.2
665,0.59,25.0,48.0,3.14,9.7
666,0.49,6.0,16.0,3.18,9.5
667,0.34,6.0,15.0,2.94,9.2
668,0.73,15.0,31.0,3.15,11.0
669,0.34,6.0,15.0,2.94,9.2
670,0.4,30.0,45.0,3.26,10.0
671,0.73,5.0,13.0,3.2,9.5
672,1.24,32.0,151.0,3.15,9.5
673,0.73,5.0,13.0,3.2,9.5
674,0.4,7.0,17.0,3.08,9.3
675,0.41,12.0,31.0,3.26,10.2
676,0.4,7.0,17.0,3.08,9.3
677,0.8,12.0,31.0,3.4,9.9
678,0.78,45.0,87.0,3.48,10.0
679,0.26,20.0,49.0,3.13,9.6
680,0.43,15.0,40.0,3.06,9.0
681,0.45,16.0,29.0,3.21,10.2
682,0.46,32.0,58.0,3.33,9.8
683,0.78,5.0,15.0,3.37,11.3
684,0.98,35.0,152.0,3.25,9.4
685,0.78,5.0,15.0,3.37,11.3
686,0.65,13.0,40.0,3.44,9.1
687,0.64,13.0,38.0,3.28,9.7
688,0.66,4.0,9.0,3.4,9.4
689,0.38,5.0,17.0,3.3,9.4
690,1.185,5.0,14.0,3.63,10.7
691,0.92,12.0,93.0,3.48,9.8
692,0.49,16.0,62.0,3.03,9.0
693,0.48,21.0,122.0,3.32,9.4
694,0.47,24.0,125.0,3.31,9.4
695,0.47,18.0,44.0,3.9,12.8
696,0.65,8.0,25.0,3.47,9.5
697,0.65,8.0,25.0,3.47,9.5
698,0.615,18.0,72.0,3.31,9.7
699,0.38,5.0,19.0,3.11,10.8
700,1.02,26.0,88.0,3.08,10.1
701,0.65,8.0,25.0,3.47,9.5
702,0.64,9.0,23.0,3.47,9.4
703,0.38,22.0,84.0,3.32,9.6
704,0.765,4.0,14.0,3.29,9.7
705,1.035,11.0,54.0,3.37,9.9
706,0.78,10.0,19.0,3.4,10.0
707,0.49,16.0,37.0,3.37,10.5
708,0.545,11.0,35.0,3.34,11.6
709,0.31,13.0,33.0,3.27,10.0
710,1.025,21.0,84.0,3.06,10.1
711,0.565,16.0,112.0,3.38,9.5
712,0.69,13.0,33.0,3.36,9.4
713,0.43,10.0,48.0,3.34,9.4
714,0.74,21.0,77.0,3.28,9.8
715,0.49,13.0,34.0,3.29,9.2
716,0.43,10.0,48.0,3.34,9.4
717,0.46,12.0,49.0,3.21,10.0
718,0.56,10.0,22.0,3.22,9.6
719,0.66,17.0,45.0,3.46,9.5
720,0.56,10.0,22.0,3.22,9.6
721,0.48,35.0,106.0,3.1,9.2
722,0.42,15.0,48.0,3.21,10.0
723,0.31,36.0,127.0,2.94,9.5
724,1.115,5.0,12.0,3.54,11.2
725,0.66,5.0,13.0,3.29,10.4
726,0.72,18.0,49.0,3.43,11.1
727,0.57,4.0,11.0,3.46,9.5
728,0.57,4.0,11.0,3.46,9.5
729,0.865,27.0,58.0,3.61,12.7
730,0.55,12.0,37.0,3.17,9.6
731,0.875,4.0,14.0,3.44,11.5
732,0.835,10.0,19.0,3.39,9.6
733,0.45,16.0,72.0,3.55,9.5
734,0.56,9.0,39.0,3.48,9.3
735,0.965,11.0,22.0,3.26,9.5
736,0.965,11.0,22.0,3.26,9.5
737,0.59,19.0,58.0,3.5,9.3
738,0.46,28.0,104.0,3.1,9.2
739,0.69,19.0,38.0,3.35,9.3
740,0.76,12.0,16.0,3.45,11.5
741,0.53,28.0,139.0,3.21,9.5
742,0.615,9.0,18.0,3.46,9.2
743,0.41,25.0,101.0,3.13,10.0
744,0.39,21.0,101.0,3.13,9.5
745,0.51,12.0,28.0,3.52,9.5
746,0.34,12.0,57.0,3.3,9.0
747,0.33,16.0,68.0,3.3,9.4
748,0.5,12.0,31.0,3.52,9.6
749,0.51,12.0,28.0,3.52,9.5
750,0.65,17.0,40.0,3.29,9.5
751,0.65,17.0,40.0,3.29,9.5
752,0.54,24.0,66.0,3.39,9.4
753,0.65,17.0,40.0,3.29,9.5
754,0.48,14.0,32.0,3.09,9.1
755,0.91,22.0,47.0,3.51,10.7
756,0.98,15.0,33.0,3.6,11.2
757,0.87,10.0,31.0,3.25,9.8
758,0.87,10.0,31.0,3.25,9.8
759,0.42,33.0,88.0,3.19,9.2
760,0.58,9.0,104.0,3.23,9.7
761,0.655,5.0,35.0,3.25,9.6
762,0.7,8.0,19.0,3.31,10.0
763,0.655,5.0,35.0,3.25,9.6
764,0.68,11.0,44.0,3.31,9.5
765,0.67,12.0,48.0,3.31,9.5
766,0.59,12.0,74.0,3.14,9.4
767,0.6,13.0,98.0,3.45,9.5
768,0.59,24.0,94.0,3.55,9.7
769,0.72,7.0,32.0,3.39,9.6
770,0.59,24.0,94.0,3.55,9.7
771,0.685,23.0,143.0,3.28,9.4
772,0.57,23.0,144.0,3.27,9.4
773,0.4,1.0,44.0,3.3,9.5
774,0.4,2.0,45.0,3.31,9.5
775,1.0,7.0,16.0,3.43,10.0
776,0.765,5.5,48.0,3.4,10.3
777,0.635,6.0,18.0,3.4,10.3
778,0.43,7.0,34.0,3.36,10.5
779,0.52,21.0,92.0,3.5,9.8
780,0.57,12.0,45.0,3.31,9.4
781,0.46,9.0,37.0,3.66,9.8
782,0.82,26.0,96.0,3.36,10.0
783,0.46,9.0,37.0,3.66,9.8
784,0.59,20.0,85.0,3.55,9.8
785,0.35,11.0,61.0,3.21,9.5
786,0.35,11.0,61.0,3.21,9.5
787,0.56,19.0,58.0,3.18,10.1
788,0.56,19.0,58.0,3.18,10.1
789,0.63,21.0,119.0,3.09,9.3
790,0.37,18.0,82.0,3.33,9.7
791,0.64,25.0,130.0,3.23,9.6
792,0.61,17.0,87.0,3.48,9.7
793,0.6,7.0,13.0,3.38,10.8
794,0.27,7.0,26.0,3.17,12.5
795,0.89,7.0,60.0,2.99,10.2
796,0.46,24.0,64.0,3.1,9.6
797,0.37,21.0,42.0,3.24,10.8
798,0.5,5.0,14.0,3.29,10.7
799,0.5,5.0,14.0,3.29,10.7
800,0.61,26.0,108.0,3.25,9.4
801,0.55,8.0,17.0,3.23,10.0
802,0.585,14.0,86.0,3.56,12.9
803,0.56,14.0,46.0,3.24,9.6
804,0.52,4.0,18.0,3.26,9.9
805,0.28,4.0,10.0,3.33,12.8
806,0.25,4.0,10.0,3.27,12.5
807,0.28,4.0,10.0,3.33,12.8
808,0.53,4.0,12.0,3.26,9.2
809,0.48,4.0,15.0,3.22,10.3
810,0.49,4.0,14.0,3.3,10.5
811,0.5,7.0,24.0,3.09,10.9
812,0.45,20.0,38.0,3.24,10.8
813,0.39,4.0,7.0,3.44,11.4
814,0.41,19.0,41.0,3.21,11.3
815,0.45,20.0,38.0,3.24,10.8
816,0.51,8.0,30.0,3.23,10.5
817,0.29,19.0,27.0,3.28,11.9
818,0.715,21.0,47.0,3.29,9.4
819,0.66,9.0,59.0,3.28,9.6
820,0.685,9.0,22.0,3.34,9.7
821,0.42,16.0,42.0,3.71,14.0
822,0.54,15.0,36.0,3.61,9.8
823,0.54,15.0,36.0,3.61,9.8
824,0.48,6.0,16.0,3.24,10.3
825,0.46,15.0,37.0,3.36,10.7
826,0.27,4.0,8.0,3.4,11.0
827,0.46,15.0,37.0,3.36,10.7
828,0.57,34.0,45.0,3.46,12.7
829,0.61,16.0,24.0,3.56,11.1
830,0.685,5.0,9.0,3.38,10.9
831,0.61,16.0,24.0,3.56,11.1
832,0.44,34.0,48.0,3.38,9.9
833,0.47,36.0,51.0,3.38,9.9
834,0.685,16.0,23.0,3.32,9.4
835,0.665,27.0,55.0,3.39,9.3
836,0.28,36.0,100.0,3.26,11.7
837,0.28,36.0,100.0,3.26,11.7
838,0.31,9.0,28.0,3.24,11.2
839,0.5,13.0,26.0,3.46,10.0
840,0.42,9.0,34.0,3.24,12.1
841,0.66,21.0,31.0,3.45,10.3
842,0.5,34.0,68.0,3.23,10.9
843,0.685,9.0,92.0,3.28,9.4
844,0.25,26.0,42.0,3.18,10.6
845,0.64,14.0,31.0,3.59,9.8
846,0.64,14.0,31.0,3.59,9.8
847,0.68,12.0,39.0,3.5,9.9
848,0.64,14.0,31.0,3.59,9.8
849,0.63,12.0,32.0,3.58,9.8
850,0.43,9.0,22.0,3.28,9.5
851,0.43,9.0,22.0,3.28,9.5
852,0.42,26.0,122.0,3.22,9.7
853,0.36,41.0,55.0,3.47,10.9
854,0.36,41.0,55.0,3.47,10.9
855,0.735,10.0,14.0,3.51,11.7
856,0.36,41.0,55.0,3.47,10.9
857,0.26,16.0,47.0,3.4,11.3
858,0.28,17.0,32.0,3.15,10.6
859,0.56,15.0,24.0,3.4,11.2
860,0.62,15.0,85.0,3.51,9.5
861,1.01,15.0,88.0,3.66,11.5
862,0.42,7.0,25.0,3.24,10.4
863,0.62,17.0,84.0,3.51,9.7
864,0.62,15.0,85.0,3.51,9.5
865,0.635,16.0,86.0,3.51,9.7
866,0.49,13.0,24.0,3.41,11.3
867,0.51,13.0,22.0,3.4,11.2
868,0.56,15.0,24.0,3.4,11.2
869,0.63,27.0,43.0,3.44,10.9
870,0.715,31.0,43.0,3.41,11.8
871,0.56,36.0,46.0,3.53,10.6
872,0.35,28.0,48.0,3.43,10.0
873,0.21,6.0,10.0,3.23,11.1
874,0.38,6.0,10.0,3.12,11.8
875,0.31,7.0,16.0,3.31,11.8
876,0.47,7.0,14.0,3.4,10.9
877,0.715,31.0,43.0,3.41,11.8
878,0.61,30.0,69.0,3.22,10.0
879,0.6,18.0,88.0,3.53,9.5
880,0.56,10.0,21.0,3.15,9.9
881,0.715,30.0,35.0,3.48,11.4
882,0.31,14.0,26.0,3.22,12.0
883,0.6,18.0,88.0,3.53,9.5
884,0.61,30.0,69.0,3.22,10.0
885,0.75,9.0,30.0,3.34,10.5
886,0.8,8.0,28.0,3.33,10.4
887,0.52,29.0,56.0,3.15,12.1
888,0.57,32.0,64.0,3.43,11.2
889,0.9,23.0,99.0,3.22,9.3
890,0.34,30.0,52.0,3.44,10.1
891,0.66,16.0,86.0,3.53,9.7
892,0.45,10.0,18.0,3.22,9.3
893,0.66,16.0,86.0,3.53,9.7
894,0.63,17.0,88.0,3.53,9.8
895,0.59,27.0,43.0,3.42,10.7
896,0.31,17.0,43.0,3.31,12.5
897,0.59,27.0,43.0,3.42,10.7
898,0.31,17.0,43.0,3.31,12.5
899,1.02,6.0,11.0,3.48,11.0
900,0.31,10.0,39.0,3.4,11.8
901,0.635,16.0,33.0,3.58,10.8
902,0.635,16.0,33.0,3.58,10.8
903,0.59,11.0,18.0,3.41,10.8
904,0.59,11.0,18.0,3.41,10.8
905,0.58,15.0,115.0,3.23,9.5
906,0.54,12.0,78.0,3.39,11.0
907,0.56,6.0,9.0,3.59,11.5
908,0.52,34.0,61.0,3.43,10.8
909,0.305,7.0,11.0,3.29,11.5
910,0.38,3.0,11.0,3.23,13.2
911,0.28,3.0,9.0,3.18,10.9
912,0.46,4.0,8.0,3.33,12.2
913,0.395,3.0,10.0,3.27,12.2
914,0.305,7.0,11.0,3.29,11.5
915,0.315,3.0,6.0,3.27,11.9
916,0.715,7.0,62.0,3.62,11.0
917,0.41,26.0,45.0,3.38,10.1
918,0.36,32.0,79.0,3.3,11.0
919,0.62,38.0,46.0,3.38,11.8
920,0.41,10.0,23.0,3.24,10.5
921,0.36,32.0,79.0,3.3,11.0
922,0.62,38.0,46.0,3.38,11.8
923,0.41,26.0,45.0,3.38,10.1
924,0.47,14.0,28.0,3.18,11.2
925,0.22,53.0,77.0,3.47,11.0
926,0.24,52.0,73.0,3.47,10.2
927,0.67,11.0,75.0,3.2,9.2
928,0.47,14.0,28.0,3.18,11.2
929,0.33,10.0,19.0,3.3,12.0
930,0.61,8.0,25.0,3.69,10.5
931,0.61,13.0,38.0,3.48,9.8
932,0.4,29.0,66.0,3.45,9.5
933,0.61,13.0,38.0,3.48,9.8
934,0.61,8.0,25.0,3.69,10.5
935,0.3,19.0,72.0,3.39,11.8
936,0.3,19.0,72.0,3.39,11.8
937,0.63,6.0,26.0,3.07,10.4
938,0.38,23.0,42.0,3.34,12.9
939,0.46,7.0,11.0,3.61,11.4
940,0.33,13.0,25.0,3.36,12.4
941,0.27,9.0,17.0,3.19,12.5
942,0.43,13.0,52.0,3.22,10.0
943,0.5,10.0,45.0,3.24,9.7
944,0.3,11.0,24.0,3.27,12.1
945,0.44,7.0,20.0,3.14,11.1
946,0.44,11.0,24.0,3.29,12.0
947,0.28,6.0,12.0,3.26,12.4
948,0.12,10.0,21.0,3.41,11.9
949,0.12,10.0,21.0,3.41,11.9
950,0.12,10.0,21.0,3.41,11.9
951,0.28,6.0,12.0,3.26,12.4
952,0.31,6.0,10.0,3.31,11.2
953,0.34,5.0,9.0,3.2,12.1
954,0.43,6.0,11.0,3.44,12.2
955,0.21,9.0,23.0,3.36,10.4
956,0.36,5.0,10.0,3.31,11.3
957,0.37,12.0,51.0,3.29,11.1
958,0.57,25.0,36.0,3.47,11.3
959,0.59,12.0,32.0,3.36,10.0
960,0.47,18.0,38.0,3.16,11.1
961,0.56,7.0,18.0,3.27,9.3
962,0.57,6.0,16.0,3.38,9.5
963,0.27,20.0,27.0,3.15,11.2
964,0.47,18.0,38.0,3.16,11.1
965,0.34,24.0,48.0,3.34,11.0
966,0.38,6.0,10.0,3.13,11.9
967,0.66,23.0,113.0,3.13,9.2
968,0.4,29.0,46.0,3.2,12.2
969,0.56,7.0,22.0,3.46,10.2
970,0.26,6.0,10.0,3.33,10.9
971,0.26,6.0,10.0,3.33,10.9
972,0.38,6.0,13.0,3.22,11.6
973,0.34,6.0,12.0,3.52,10.7
974,0.33,7.0,13.0,3.3,12.1
975,0.41,35.0,72.0,3.44,9.4
976,0.41,35.0,72.0,3.44,9.4
977,0.59,31.0,119.0,3.15,9.1
978,0.4,9.0,29.0,3.28,11.3
979,0.45,3.0,6.0,3.13,10.4
980,0.5,8.0,17.0,3.32,10.5
981,0.86,13.0,28.0,3.25,10.0
982,0.52,51.0,70.0,3.34,12.9
983,0.5,8.0,17.0,3.32,10.5
984,0.45,3.0,6.0,3.13,10.4
985,0.58,7.0,11.0,3.45,11.3
986,0.34,3.0,7.0,3.19,11.4
987,0.36,35.0,70.0,3.44,9.4
988,0.39,19.0,27.0,3.16,9.4
989,0.295,14.0,21.0,3.14,10.9
990,0.39,19.0,27.0,3.16,9.4
991,0.34,31.0,68.0,3.45,9.4
992,0.4,30.0,47.0,3.36,9.4
993,0.34,31.0,68.0,3.45,9.4
994,0.35,20.0,88.0,3.15,9.4
995,0.6,19.0,41.0,3.39,10.1
996,0.66,3.0,11.0,3.71,12.8
997,0.66,3.0,11.0,3.71,12.8
998,0.84,4.0,10.0,3.12,9.1
999,0.69,7.0,12.0,3.47,12.9
1000,0.43,6.0,12.0,3.44,11.5
1001,0.35,31.0,47.0,3.26,10.6
1002,0.29,13.0,27.0,3.26,11.7
1003,0.36,4.0,8.0,3.36,12.8
1004,0.43,27.0,45.0,3.25,10.3
1005,0.36,4.0,8.0,3.36,12.8
1006,0.29,13.0,27.0,3.26,11.7
1007,0.3,12.0,25.0,3.26,11.7
1008,0.35,12.0,24.0,3.23,12.0
1009,0.5,26.0,55.0,3.18,10.9
1010,0.28,7.0,12.0,3.25,12.3
1011,0.32,12.0,19.0,3.17,10.4
1012,1.005,11.0,32.0,3.23,10.0
1013,0.71,22.0,31.0,3.38,10.0
1014,0.58,3.0,7.0,3.22,11.2
1015,0.39,14.0,27.0,3.06,11.4
1016,0.38,12.0,28.0,3.27,12.6
1017,0.18,36.0,109.0,2.89,12.7
1018,0.18,36.0,109.0,2.89,12.7
1019,0.5,10.0,23.0,3.53,10.4
1020,0.36,3.0,8.0,3.2,11.9
1021,0.36,3.0,8.0,3.2,11.9
1022,0.51,4.0,9.0,3.35,10.5
1023,0.32,3.0,9.0,3.27,12.3
1024,0.58,12.0,18.0,3.32,10.5
1025,0.83,17.0,43.0,3.33,10.4
1026,0.31,14.0,36.0,3.41,12.6
1027,0.795,28.0,52.0,3.49,11.6
1028,0.34,41.0,68.0,3.37,10.1
1029,0.58,12.0,18.0,3.32,10.5
1030,0.59,9.0,14.0,3.42,11.5
1031,0.55,9.0,15.0,3.35,11.0
1032,0.82,5.0,14.0,3.36,9.6
1033,0.57,14.0,27.0,3.3,10.4
1034,0.745,15.0,48.0,3.2,9.7
1035,0.37,5.0,17.0,3.17,10.6
1036,0.31,26.0,35.0,3.22,12.5
1037,0.91,20.0,56.0,3.35,9.2
1038,0.41,25.0,42.0,3.24,12.6
1039,0.5,21.0,39.0,3.33,11.1
1040,0.965,16.0,32.0,3.58,10.2
1041,0.49,13.0,26.0,3.38,9.8
1042,0.5,21.0,39.0,3.33,11.1
1043,0.39,18.0,39.0,3.29,10.9
1044,0.39,12.0,53.0,3.36,12.2
1045,0.44,32.0,38.0,3.32,11.4
1046,0.78,33.0,45.0,3.31,10.7
1047,0.43,27.0,51.0,3.49,10.4
1048,0.49,3.0,14.0,3.27,10.9
1049,0.5,6.0,17.0,3.27,10.8
1050,0.43,27.0,51.0,3.49,10.4
1051,0.46,16.0,45.0,3.03,9.2
1052,0.605,19.0,25.0,3.56,12.9
1053,0.33,9.0,20.0,3.38,12.7
1054,0.64,5.0,77.0,3.13,9.1
1055,0.64,5.0,77.0,3.13,9.1
1056,0.48,3.0,10.0,3.21,12.1
1057,0.42,28.0,90.0,3.15,9.1
1058,0.53,30.0,52.0,3.19,11.6
1059,0.48,3.0,10.0,3.21,12.1
1060,0.23,3.0,8.0,3.14,9.9
1061,0.4,7.0,16.0,3.21,12.5
1062,0.38,6.0,15.0,3.3,11.4
1063,0.29,6.0,17.0,3.22,11.8
1064,0.74,5.0,10.0,3.28,11.8
1065,0.61,6.0,20.0,3.29,10.2
1066,0.52,13.0,26.0,3.4,12.5
1067,0.31,3.0,10.0,3.02,10.9
1068,0.31,3.0,10.0,3.02,10.9
1069,0.62,28.0,52.0,3.31,10.8
1070,0.33,19.0,37.0,3.18,11.1
1071,0.77,30.0,92.0,3.2,9.2
1072,0.35,33.0,75.0,3.4,9.5
1073,0.62,16.0,37.0,3.31,10.7
1074,0.77,30.0,92.0,3.2,9.2
1075,0.25,45.0,67.0,3.44,10.2
1076,0.32,3.0,8.0,3.15,11.4
1077,0.37,3.0,8.0,3.27,11.0
1078,0.37,3.0,8.0,3.27,11.0
1079,0.3,37.5,278.0,3.01,12.3
1080,0.27,3.0,8.0,3.16,11.8
1081,0.3,37.5,289.0,3.01,12.3
1082,0.38,31.0,70.0,3.42,9.5
1083,0.42,32.0,59.0,3.33,12.0
1084,0.38,31.0,70.0,3.42,9.5
1085,0.48,40.0,64.0,3.12,9.6
1086,0.34,3.0,9.0,3.38,11.6
1087,0.19,18.0,30.0,3.29,11.2
1088,0.41,22.0,41.0,3.02,9.9
1089,0.41,22.0,41.0,3.02,9.9
1090,0.26,42.0,74.0,2.98,11.8
1091,0.34,8.0,19.0,3.35,11.4
1092,0.54,10.0,16.0,3.43,11.5
1093,0.31,11.0,31.0,3.33,12.0
1094,0.725,9.0,17.0,3.35,10.8
1095,0.4,6.0,20.0,3.15,10.5
1096,0.725,9.0,17.0,3.35,10.8
1097,0.52,5.0,18.0,3.2,9.4
1098,0.31,5.0,16.0,3.15,12.5
1099,0.52,5.0,18.0,3.2,9.4
1100,0.34,23.0,36.0,3.11,12.4
1101,0.49,14.0,25.0,3.35,12.0
1102,0.48,18.0,30.0,3.45,11.2
1103,0.49,14.0,25.0,3.35,12.0
1104,0.48,16.0,25.0,3.28,12.4
1105,0.57,13.0,49.0,3.41,12.8
1106,0.23,9.0,17.0,3.21,12.3
1107,0.3,10.0,24.0,3.27,11.7
1108,0.78,4.0,13.0,3.36,9.5
1109,0.47,27.0,66.0,3.17,10.8
1110,0.53,6.0,14.0,3.25,10.0
1111,0.42,23.0,55.0,3.78,12.3
1112,0.33,6.0,35.0,3.29,11.0
1113,0.24,3.0,10.0,3.12,9.5
1114,0.4,29.0,80.0,3.49,13.6
1115,0.69,15.0,21.0,3.38,11.3
1116,0.69,15.0,21.0,3.38,11.3
1117,0.69,15.0,21.0,3.38,11.3
1118,0.39,14.0,24.0,3.3,13.3
1119,0.66,7.0,15.0,3.52,12.9
1120,0.54,8.0,17.0,3.2,13.1
1121,0.5,21.0,28.0,3.44,12.3
1122,0.47,27.0,33.0,3.45,12.3
1123,0.4,17.0,29.0,3.12,11.2
1124,0.58,3.0,13.0,3.62,11.5
1125,0.24,13.0,27.0,3.14,11.3
1126,0.29,3.0,11.0,3.39,13.5
1127,0.76,26.0,52.0,3.51,11.5
1128,0.43,28.0,89.0,3.22,10.0
1129,0.43,24.0,70.0,3.21,10.5
1130,0.6,5.0,10.0,3.18,10.4
1131,0.19,57.0,135.0,3.32,9.5
1132,0.36,18.0,38.0,3.38,13.6
1133,0.48,10.0,18.0,3.37,11.2
1134,0.28,6.0,15.0,3.3,11.8
1135,0.25,22.0,50.0,3.38,11.9
1136,0.52,6.0,13.0,3.22,11.4
1137,0.52,6.0,13.0,3.22,11.4
1138,0.41,29.0,94.0,3.14,9.1
1139,0.51,16.0,86.0,3.34,9.5
1140,0.4,33.0,79.0,3.41,9.5
1141,0.38,24.0,71.0,3.27,11.0
1142,0.45,6.0,12.0,3.3,11.4
1143,0.22,16.0,20.0,3.61,10.0
1144,0.32,35.0,70.0,3.43,10.1
1145,0.2,31.0,51.0,3.53,10.4
1146,0.5,6.0,21.0,3.28,9.8
1147,0.41,6.0,14.0,3.21,11.8
1148,0.39,9.0,21.0,3.39,11.6
1149,0.35,6.0,11.0,3.23,12.0
1150,0.33,4.0,12.0,3.3,12.8
1151,0.58,16.0,70.0,3.46,12.5
1152,0.6,9.0,38.0,3.15,9.8
1153,0.42,17.0,38.0,3.23,11.1
1154,0.58,50.0,63.0,3.59,11.4
1155,0.6,9.0,38.0,3.15,9.8
1156,0.18,45.0,88.0,3.33,11.8
1157,0.51,16.0,101.0,3.46,12.9
1158,0.41,22.0,54.0,3.42,10.6
1159,0.41,11.0,37.0,3.16,10.8
1160,0.36,6.0,20.0,3.14,11.1
1161,0.45,12.0,21.0,3.21,10.2
1162,0.32,12.0,19.0,3.14,11.8
1163,0.785,10.0,21.0,3.29,10.0
1164,0.785,10.0,21.0,3.29,10.0
1165,0.44,15.0,38.0,3.01,9.4
1166,0.54,7.0,60.0,2.94,10.2
1167,0.33,29.0,48.0,3.32,12.4
1168,0.34,8.0,44.0,3.21,12.0
1169,0.5,5.0,14.0,3.32,11.5
1170,0.36,5.0,12.0,3.2,10.5
1171,0.59,26.0,44.0,3.42,10.8
1172,0.42,5.0,16.0,3.27,12.3
1173,0.36,26.0,65.0,3.46,9.5
1174,0.36,26.0,65.0,3.46,9.5
1175,0.61,48.0,59.0,3.61,11.5
1176,0.88,23.0,47.0,3.58,11.2
1177,0.66,6.0,11.0,3.35,12.7
1178,0.915,17.0,78.0,3.68,11.4
1179,0.35,11.0,47.0,3.27,11.0
1180,0.35,11.0,47.0,3.27,11.0
1181,0.39,5.0,11.0,3.19,11.4
1182,0.4,41.0,54.0,3.38,10.5
1183,0.66,16.0,61.0,3.29,9.3
1184,0.64,11.0,119.0,3.36,10.9
1185,0.43,6.0,39.0,3.33,11.9
1186,0.8,6.0,12.0,3.52,12.2
1187,0.43,6.0,39.0,3.33,11.9
1188,0.64,11.0,119.0,3.36,10.9
1189,0.955,5.0,19.0,3.3,9.6
1190,0.4,6.0,20.0,3.28,12.5
1191,0.885,6.0,12.0,3.56,10.8
1192,0.25,11.0,41.0,3.52,12.4
1193,0.885,6.0,12.0,3.56,10.8
1194,0.745,15.0,64.0,3.22,9.5
1195,0.43,21.0,56.0,3.52,9.5
1196,0.58,23.0,94.0,3.21,9.5
1197,0.57,4.0,9.0,3.16,9.8
1198,0.26,19.0,77.0,3.15,10.9
1199,0.58,23.0,94.0,3.21,9.5
1200,0.57,4.0,9.0,3.16,9.8
1201,0.34,5.0,10.0,3.27,11.2
1202,0.42,6.0,12.0,3.35,11.7
1203,0.74,33.0,76.0,3.14,9.4
1204,0.36,24.0,44.0,3.4,11.0
1205,0.36,24.0,44.0,3.4,11.0
1206,0.36,24.0,44.0,3.4,11.0
1207,0.72,24.0,52.0,3.35,10.0
1208,0.36,24.0,44.0,3.4,11.0
1209,0.39,14.0,24.0,3.45,11.2
1210,0.65,8.0,15.0,3.35,10.4
1211,0.44,22.0,53.0,3.32,9.3
1212,0.65,8.0,15.0,3.35,10.4
1213,0.38,5.0,13.0,3.15,10.5
1214,0.33,6.0,9.0,3.1,10.4
1215,0.27,20.0,29.0,3.26,11.3
1216,0.57,10.0,79.0,3.29,9.5
1217,0.34,43.0,74.0,3.23,12.0
1218,0.4,8.0,24.0,3.24,10.6
1219,0.39,25.0,50.0,3.2,10.9
1220,0.32,17.0,44.0,3.28,11.5
1221,0.32,17.0,44.0,3.28,11.5
1222,0.53,33.0,89.0,3.26,9.6
1223,0.36,9.0,23.0,3.23,12.0
1224,0.39,8.0,20.0,3.07,10.3
1225,0.46,18.0,77.0,3.15,9.4
1226,0.58,27.0,46.0,3.02,9.2
1227,0.58,8.0,21.0,3.27,9.6
1228,0.42,18.0,88.0,3.68,13.6
1229,0.43,19.0,66.0,3.4,9.5
1230,0.18,15.0,58.0,3.37,11.8
1231,0.815,48.0,90.0,3.38,10.8
1232,0.43,19.0,66.0,3.4,9.5
1233,0.23,14.0,36.0,3.23,9.3
1234,0.75,11.0,18.0,3.39,12.8
1235,0.33,6.0,113.0,3.3,11.5
1236,0.55,7.0,17.0,3.26,9.4
1237,0.75,11.0,18.0,3.39,12.8
1238,0.73,12.0,24.0,3.38,9.6
1239,0.67,11.0,20.0,3.45,11.8
1240,0.61,36.0,60.0,3.1,9.3
1241,0.37,28.0,65.0,3.16,9.8
1242,0.4,15.0,40.0,3.22,12.2
1243,0.56,10.0,86.0,3.37,9.5
1244,0.29,72.0,160.0,3.33,10.3
1245,0.55,15.0,34.0,3.49,10.5
1246,0.74,15.0,48.0,3.12,10.0
1247,0.55,15.0,34.0,3.49,10.5
1248,0.41,22.0,36.0,3.41,11.1
1249,0.6,24.0,37.0,3.4,10.9
1250,0.6,24.0,37.0,3.4,10.9
1251,0.58,27.0,60.0,3.28,9.8
1252,0.72,6.0,14.0,3.45,9.8
1253,0.66,6.0,13.0,3.43,9.5
1254,0.7,20.0,35.0,3.4,10.9
1255,0.64,26.0,46.0,3.47,11.0
1256,0.59,43.0,60.0,3.1,9.2
1257,0.58,12.0,69.0,3.32,11.0
1258,0.64,15.0,33.0,3.44,11.3
1259,0.64,15.0,33.0,3.44,11.3
1260,0.635,19.0,56.0,3.02,9.3
1261,1.02,17.0,24.0,3.59,11.2
1262,0.45,34.0,66.0,3.15,9.8
1263,0.78,13.0,26.0,3.37,9.6
1264,0.37,26.0,51.0,3.38,11.8
1265,0.57,16.0,36.0,3.38,10.3
1266,0.57,16.0,36.0,3.38,10.3
1267,0.43,13.0,19.0,3.1,11.4
1268,0.41,21.0,51.0,3.47,9.5
1269,0.49,28.0,87.0,3.5,14.0
1270,0.38,26.0,60.0,3.7,14.0
1271,0.44,24.0,64.0,3.38,11.7
1272,0.46,25.0,44.0,3.5,11.2
1273,0.58,34.0,44.0,3.1,9.3
1274,0.58,17.0,36.0,3.24,11.2
1275,0.715,13.0,81.0,3.24,9.5
1276,0.4,3.0,10.0,3.28,12.0
1277,0.69,3.0,10.0,3.35,9.7
1278,0.715,13.0,81.0,3.24,9.5
1279,0.3,3.0,9.0,3.14,11.5
1280,0.46,28.0,54.0,3.37,10.4
1281,0.46,28.0,54.0,3.37,10.4
1282,0.765,9.0,22.0,3.33,10.9
1283,0.63,17.0,69.0,3.26,10.2
1284,0.42,18.0,36.0,3.39,10.9
1285,0.37,20.0,47.0,3.15,10.5
1286,0.16,17.0,31.0,3.35,12.4
1287,0.6,3.0,7.0,3.22,13.0
1288,0.6,20.0,110.0,3.3,10.2
1289,0.6,20.0,110.0,3.3,10.2
1290,0.74,6.0,12.0,3.36,11.0
1291,0.635,25.0,60.0,3.29,10.9
1292,0.395,14.0,28.0,3.62,12.4
1293,0.755,6.0,12.0,3.34,9.7
1294,0.635,25.0,60.0,3.29,10.9
1295,0.63,51.0,77.5,3.2,9.5
1296,0.63,51.0,77.5,3.2,9.5
1297,0.53,15.0,29.0,3.35,12.1
1298,0.6,11.0,18.0,3.45,12.2
1299,1.58,5.0,9.0,3.5,10.9
1300,0.645,15.0,28.0,3.78,12.5
1301,0.86,20.0,57.0,3.6,11.7
1302,0.37,4.0,15.0,3.3,11.2
1303,0.28,28.0,68.0,3.36,11.2
1304,0.79,21.0,68.0,3.12,9.2
1305,0.61,24.0,88.0,3.3,9.8
1306,0.69,22.0,91.0,3.29,10.1
1307,0.68,15.0,29.0,3.41,11.1
1308,0.69,22.0,91.0,3.29,10.1
1309,0.62,27.0,63.0,3.28,9.2
1310,0.61,24.0,88.0,3.3,9.8
1311,0.51,12.0,27.0,3.33,12.8
1312,1.18,14.0,41.0,3.34,10.5
1313,0.36,20.0,65.0,3.4,10.1
1314,0.36,24.0,69.0,3.4,10.1
1315,0.63,17.0,91.0,3.26,9.8
1316,0.74,16.0,46.0,4.01,12.5
1317,0.44,10.0,41.0,3.18,11.9
1318,0.63,17.0,91.0,3.26,9.8
1319,0.76,18.0,64.0,2.9,9.1
1320,0.66,12.0,88.0,3.26,10.1
1321,0.74,16.0,46.0,4.01,12.5
1322,0.34,9.0,18.0,3.18,11.4
1323,0.36,21.0,55.0,3.18,11.0
1324,0.46,18.0,34.0,3.39,10.6
1325,0.46,18.0,34.0,3.39,10.6
1326,0.46,18.0,34.0,3.39,10.6
1327,0.46,18.0,34.0,3.39,10.6
1328,0.52,13.0,38.0,3.34,9.3
1329,0.6,17.0,91.0,3.29,9.8
1330,0.6,17.0,91.0,3.29,9.8
1331,0.87,31.0,67.0,3.26,9.2
1332,0.39,6.0,25.0,3.09,9.7
1333,0.775,12.0,48.0,3.18,9.6
1334,0.835,4.0,11.0,3.39,10.0
1335,0.58,19.0,40.0,3.38,12.6
1336,0.5,15.0,26.0,3.36,9.5
1337,0.5,15.0,26.0,3.36,9.5
1338,0.5,15.0,26.0,3.36,9.5
1339,0.51,13.0,31.0,3.36,10.5
1340,0.51,13.0,31.0,3.36,10.5
1341,0.51,13.0,31.0,3.36,10.5
1342,0.54,17.0,31.0,3.37,10.4
1343,0.51,13.0,31.0,3.36,10.5
1344,0.42,8.0,20.0,3.09,11.0
1345,0.44,10.0,28.0,3.25,10.2
1346,0.59,5.0,13.0,3.52,11.4
1347,0.655,7.0,12.0,3.34,9.5
1348,0.655,7.0,12.0,3.34,9.5
1349,0.57,21.0,41.0,3.41,10.8
1350,0.6,32.0,73.0,3.34,10.0
1351,0.62,8.0,46.0,3.32,11.8
1352,0.645,14.0,57.0,3.37,10.3
1353,0.645,14.0,57.0,3.37,10.3
1354,0.58,7.0,28.0,3.35,10.0
1355,0.32,5.0,32.0,3.36,10.1
1356,0.34,4.0,28.0,3.36,10.1
1357,0.43,27.0,67.0,3.6,11.1
1358,0.64,52.0,98.0,3.28,9.5
1359,0.475,6.0,28.0,3.07,10.0333333333333
1360,0.54,11.0,38.0,3.24,10.9
1361,0.85,13.0,54.0,3.36,10.1
1362,0.475,6.0,28.0,3.07,10.0333333333333
1363,0.83,11.0,63.0,3.29,9.8
1364,0.605,10.0,31.0,3.46,11.8
1365,0.5,10.0,42.0,3.18,9.5
1366,0.74,10.0,45.0,3.24,9.8
1367,0.54,9.0,105.0,3.25,10.5
1368,0.77,16.0,74.0,3.27,9.8
1369,0.61,4.0,8.0,3.33,10.4
1370,0.78,12.0,66.0,3.0,9.2
1371,0.58,5.0,14.0,3.21,11.6
1372,0.78,12.0,66.0,3.0,9.2
1373,0.75,34.0,89.0,3.24,9.3
1374,0.815,16.0,29.0,3.32,9.8
1375,0.56,13.0,100.0,3.26,9.9
1376,0.885,7.0,31.0,3.11,10.0
1377,0.49,23.0,74.0,3.71,12.2
1378,0.45,10.0,28.0,3.29,9.9
1379,0.57,11.0,35.0,3.36,10.8
1380,0.57,11.0,35.0,3.36,10.8
1381,0.83,4.0,25.0,3.38,9.6
1382,0.6,25.0,105.0,3.3,9.9
1383,0.6,25.0,105.0,3.3,9.9
1384,0.755,20.0,84.0,3.19,9.5
1385,0.81,34.0,85.0,3.19,9.2
1386,0.64,8.0,23.0,3.3,9.6
1387,0.64,8.0,23.0,3.3,9.6
1388,0.64,7.0,49.0,3.35,10.3
1389,0.48,36.0,111.0,3.1,9.7
1390,0.49,15.0,33.0,3.58,12.5
1391,0.64,5.0,33.0,3.37,11.0
1392,0.62,5.0,12.0,3.17,9.8
1393,0.52,19.0,59.0,3.3,10.2
1394,0.57,27.0,73.0,3.32,9.2
1395,0.685,3.0,12.0,3.31,9.55
1396,0.675,4.0,11.0,3.31,9.55
1397,0.59,17.0,104.0,3.28,9.9
1398,0.6,13.0,28.0,3.52,10.2
1399,0.67,10.0,24.0,3.42,11.1
1400,0.69,33.0,141.0,3.25,9.9
1401,0.69,33.0,141.0,3.25,9.9
1402,0.3,6.0,24.0,3.44,11.9
1403,0.33,3.0,13.0,3.23,10.0
1404,0.5,12.0,46.0,3.43,10.7
1405,0.28,18.0,34.0,3.28,11.3
1406,0.24,8.0,22.0,3.22,10.9
1407,0.51,40.0,54.0,3.54,10.7
1408,0.29,35.0,53.0,3.27,12.4
1409,0.51,40.0,54.0,3.54,10.7
1410,0.96,5.0,16.0,3.5,11.9
1411,0.47,8.0,19.0,3.56,10.6
1412,0.24,8.0,22.0,3.22,10.9
1413,0.57,12.0,89.0,3.04,10.1
1414,0.32,3.0,15.0,3.2,9.6
1415,0.58,8.0,18.0,3.56,9.4
1416,0.32,3.0,15.0,3.2,9.6
1417,0.34,21.0,37.0,3.35,12.1
1418,0.53,3.0,19.0,3.16,9.8
1419,0.64,32.0,133.0,3.27,9.9
1420,0.53,3.0,19.0,3.16,9.8
1421,0.4,24.0,58.0,3.34,9.4
1422,0.54,39.0,55.0,3.39,11.4
1423,0.53,14.0,31.0,3.5,11.0
1424,0.26,8.0,23.0,3.26,9.6
1425,0.26,8.0,23.0,3.26,9.6
1426,0.23,23.0,60.0,3.41,12.1
1427,0.41,6.0,23.0,3.3,11.2
1428,0.64,27.0,55.0,3.31,11.0
1429,0.18,38.0,67.0,3.33,11.3
1430,0.41,18.0,47.0,3.37,10.4
1431,0.43,13.0,74.0,3.26,9.9
1432,0.44,3.0,11.0,3.48,11.7
1433,0.4,11.0,25.0,3.42,10.1
1434,0.54,55.0,95.0,3.18,9.0
1435,0.54,55.0,95.0,3.18,9.0
1436,0.38,27.0,90.0,3.15,8.5
1437,0.915,15.0,39.0,3.53,11.1
1438,0.59,3.0,8.0,3.41,10.3
1439,0.67,31.0,92.0,3.32,11.0666666666667
1440,0.37,15.0,28.0,3.23,11.3
1441,0.785,19.0,98.0,3.16,9.56666666666667
1442,0.63,18.0,30.0,3.4,9.8
1443,0.58,8.0,22.0,3.38,11.7
1444,0.67,31.0,92.0,3.32,11.1
1445,0.785,19.0,98.0,3.16,9.6
1446,0.63,18.0,30.0,3.4,9.8
1447,0.67,22.0,39.0,3.4,9.7
1448,0.58,40.0,54.0,3.4,9.7
1449,0.38,15.0,29.0,3.23,11.3
1450,0.37,15.0,28.0,3.23,11.3
1451,0.32,8.0,17.0,3.33,11.0
1452,0.58,37.0,53.0,3.35,11.6
1453,0.49,27.0,85.0,3.41,9.0
1454,0.45,7.0,23.0,3.21,10.9
1455,0.9,9.0,17.0,3.5,10.9
1456,0.54,38.0,89.0,3.3,10.55
1457,0.49,27.0,85.0,3.41,9.0
1458,0.29,8.0,20.0,3.39,10.5
1459,0.2,7.0,15.0,3.32,11.9
1460,0.42,34.0,64.0,3.41,10.4
1461,0.785,6.0,13.0,3.59,10.0
1462,0.64,14.0,31.0,3.36,10.4
1463,0.63,14.0,39.0,3.34,10.8
1464,0.59,34.0,53.0,3.41,9.7
1465,0.59,34.0,53.0,3.41,9.7
1466,0.48,31.0,54.0,3.3,10.0
1467,1.04,19.0,32.0,3.52,11.0
1468,0.48,31.0,54.0,3.3,10.0
1469,0.98,20.0,49.0,3.31,9.7
1470,0.69,8.0,24.0,2.88,9.7
1471,0.7,8.0,16.0,3.43,12.6
1472,0.35,23.0,44.0,3.38,11.1
1473,0.6,14.0,45.0,3.38,11.0
1474,0.5,48.0,82.0,3.16,8.8
1475,0.47,16.0,89.0,3.54,13.5666666666667
1476,0.5,48.0,82.0,3.16,8.8
1477,0.47,16.0,89.0,3.54,13.6
1478,0.875,3.0,14.0,3.4,10.2
1479,0.28,10.0,22.0,3.39,10.6
1480,0.62,6.0,13.0,3.66,10.1
1481,0.28,10.0,22.0,3.39,10.6
1482,0.58,3.0,9.0,3.33,10.3
1483,0.33,6.0,12.0,3.35,10.7
1484,0.91,4.0,11.0,3.53,10.9
1485,0.655,8.0,25.0,3.37,9.7
1486,0.68,9.0,23.0,3.38,10.3
1487,0.64,9.0,17.0,3.52,10.6
1488,0.54,5.0,13.0,3.72,11.4
1489,0.57,4.0,11.0,3.44,10.8
1490,0.22,8.0,18.0,3.39,12.4
1491,0.54,5.0,13.0,3.72,11.4
1492,0.65,6.0,18.0,3.57,11.95
1493,0.54,23.0,147.0,3.26,9.7
1494,0.31,15.0,28.0,3.42,10.0
1495,0.43,15.0,28.0,3.35,10.6
1496,0.54,23.0,147.0,3.26,9.7
1497,0.74,7.0,16.0,3.45,11.5
1498,0.895,7.0,13.0,3.53,10.8
1499,0.74,7.0,16.0,3.45,11.5
1500,0.725,8.0,15.0,3.26,9.6
1501,0.82,21.0,64.0,3.16,9.4
1502,0.585,15.0,60.0,3.31,9.8
1503,0.44,6.0,14.0,3.51,11.0
1504,0.38,5.0,12.0,3.36,11.4
1505,0.76,6.0,12.0,3.55,9.95
1506,0.81,6.0,14.0,3.51,10.8
1507,0.38,5.0,12.0,3.36,11.4
1508,0.27,17.0,25.0,3.38,10.6
1509,0.18,7.0,20.0,3.28,11.1
1510,0.36,26.0,48.0,3.47,9.7
1511,0.69,19.0,27.0,3.44,9.8
1512,0.79,11.0,17.0,3.53,10.4
1513,0.56,17.0,65.0,3.33,10.5
1514,0.84,16.0,65.0,3.53,9.23333333333333
1515,0.84,16.0,65.0,3.53,9.25
1516,0.32,23.0,58.0,3.42,10.6
1517,0.53,29.0,44.0,3.38,10.3
1518,0.47,7.0,20.0,3.32,10.5
1519,0.7,14.0,27.0,3.44,10.2
1520,0.53,29.0,44.0,3.38,10.3
1521,0.48,9.0,23.0,3.39,9.05
1522,0.32,23.0,58.0,3.42,10.6
1523,0.48,29.0,61.0,3.34,10.4
1524,0.42,22.0,47.0,3.39,10.0
1525,0.48,18.0,34.0,3.33,9.7
1526,0.47,18.0,38.0,3.3,9.6
1527,0.53,15.0,24.0,3.29,10.8
1528,0.29,21.0,59.0,3.31,10.1
1529,0.69,42.0,52.0,3.42,10.2
1530,0.44,9.0,18.0,3.42,11.3
1531,0.705,13.0,28.0,3.6,10.2
1532,0.53,18.0,22.0,3.21,9.9
1533,0.39,32.0,84.0,3.39,9.0
1534,0.56,13.0,29.0,3.42,11.7
1535,0.55,15.0,35.0,3.36,9.7
1536,0.53,24.0,45.0,3.6,10.3
1537,0.58,20.0,31.0,3.5,10.2
1538,0.64,15.0,26.0,3.57,12.0
1539,0.39,34.0,60.0,3.46,9.9
1540,0.52,11.0,32.0,3.56,11.6
1541,0.25,19.0,49.0,3.4,10.9
1542,0.855,29.0,38.0,3.3,10.75
1543,0.44,14.0,19.0,3.25,10.4
1544,0.37,12.0,19.0,3.17,11.2
1545,0.63,16.0,28.0,3.36,10.1
1546,0.57,17.0,26.0,3.36,10.2
1547,0.6,12.0,26.0,3.55,12.1
1548,0.4,19.0,50.0,3.1,10.4
1549,0.36,17.0,24.0,3.24,11.4
1550,0.68,17.0,26.0,3.45,9.5
1551,0.67,18.0,27.0,3.44,9.4
1552,0.68,32.0,54.0,3.51,11.3
1553,0.735,18.0,28.0,3.41,9.4
1554,0.855,15.0,23.0,3.54,11.0
1555,0.56,15.0,24.0,3.44,10.55
1556,0.88,12.0,20.0,3.53,9.9
1557,0.855,15.0,23.0,3.54,11.0
1558,0.63,66.0,115.0,3.22,9.5
1559,0.6,31.0,131.0,3.21,9.9
1560,0.6,31.0,131.0,3.21,9.9
1561,0.6,31.0,131.0,3.21,9.9
1562,0.695,12.0,20.0,3.29,10.1
1563,0.695,12.0,20.0,3.29,10.1
1564,0.695,12.0,20.0,3.29,10.1
1565,0.67,26.0,42.0,3.39,10.9
1566,0.16,24.0,52.0,3.34,11.2
1567,0.695,12.0,20.0,3.29,10.1
1568,0.56,25.0,42.0,3.34,9.2
1569,0.51,15.0,34.0,3.48,11.5
1570,0.36,19.0,35.0,3.37,12.4
1571,0.38,15.0,25.0,3.44,11.1
1572,0.69,35.0,104.0,3.33,9.5
1573,0.58,15.0,50.0,3.58,12.5
1574,0.31,23.0,92.0,3.39,10.5
1575,0.52,12.0,20.0,3.26,11.8
1576,0.3,16.0,29.0,3.3,10.8
1577,0.7,13.0,27.0,3.54,11.9
1578,0.67,13.0,20.0,3.42,11.3
1579,0.56,24.0,32.0,3.54,11.3
1580,0.35,9.0,26.0,3.36,11.9
1581,0.56,24.0,32.0,3.54,11.3
1582,0.715,13.0,27.0,3.57,11.9
1583,0.46,32.0,98.0,3.33,9.8
1584,0.32,24.0,34.0,3.29,11.6
1585,0.39,22.0,48.0,3.3,11.5
1586,0.31,34.0,60.0,3.34,11.4
1587,0.61,18.0,28.0,3.55,10.9
1588,0.66,34.0,102.0,3.27,12.8
1589,0.725,29.0,79.0,3.29,9.2
1590,0.55,26.0,35.0,3.32,11.6
1591,0.74,16.0,26.0,3.67,11.6
1592,0.51,29.0,40.0,3.42,11.0
1593,0.62,28.0,38.0,3.42,9.5
1594,0.6,32.0,44.0,3.45,10.5
1595,0.55,39.0,51.0,3.52,11.2
1596,0.51,29.0,40.0,3.42,11.0
1597,0.645,32.0,44.0,3.57,10.2
1598,0.31,18.0,42.0,3.39,11.0
